1,START,173697,2011-10-01 08:11:07+00:00,2011-10-01 08:11:07+00:00,No_resource
2,A_SUBMITTED,173697,2011-10-01 08:11:07+00:00,2011-10-01 08:11:08+00:00,112
3,A_PARTLYSUBMITTED,173697,2011-10-01 08:11:08+00:00,2011-10-01 08:11:09+00:00,112
4,A_DECLINED,173697,2011-10-01 08:11:09+00:00,2011-10-01 08:11:46+00:00,112
5,END,173697,2011-10-01 08:11:46+00:00,2011-10-01 08:11:47+00:00,No_resource
1,START,173700,2011-10-01 08:15:38+00:00,2011-10-01 08:15:38+00:00,112
2,A_SUBMITTED,173700,2011-10-01 08:15:38+00:00,2011-10-01 08:15:39+00:00,112
3,A_PARTLYSUBMITTED,173700,2011-10-01 08:15:39+00:00,2011-10-01 08:15:40+00:00,112
4,A_DECLINED,173700,2011-10-01 08:15:40+00:00,2011-10-01 08:16:21+00:00,112
5,END,173700,2011-10-01 08:16:21+00:00,2011-10-01 08:16:22+00:00,10912
1,START,173703,2011-10-01 09:45:24+00:00,2011-10-01 09:45:24+00:00,112
2,A_SUBMITTED,173703,2011-10-01 09:45:24+00:00,2011-10-01 09:45:25+00:00,112
3,A_PARTLYSUBMITTED,173703,2011-10-01 09:45:25+00:00,2011-10-01 09:45:25+00:00,112
4,A_PREACCEPTED,173703,2011-10-01 09:45:25+00:00,2011-10-01 09:46:18+00:00,10912
5,W_Completerenaanvraag,173703,2011-10-01 09:46:18+00:00,2011-10-01 09:46:18+00:00,10912
6,W_Completerenaanvraag,173703,2011-10-01 09:46:18+00:00,2011-10-01 11:37:46+00:00,10912
7,W_Completerenaanvraag,173703,2011-10-01 11:37:46+00:00,2011-10-01 11:40:24+00:00,10912
8,W_Completerenaanvraag,173703,2011-10-01 11:40:24+00:00,2011-10-01 12:40:26+00:00,10912
9,A_CANCELLED,173703,2011-10-01 12:40:26+00:00,2011-10-01 13:02:11+00:00,10912
10,W_Completerenaanvraag,173703,2011-10-01 13:02:11+00:00,2011-10-01 13:02:12+00:00,10912
11,END,173703,2011-10-01 13:02:12+00:00,2011-10-01 13:02:13+00:00,10912
1,START,173706,2011-10-01 09:45:36+00:00,2011-10-01 09:45:36+00:00,10912
2,A_SUBMITTED,173706,2011-10-01 09:45:36+00:00,2011-10-01 09:45:37+00:00,10982
3,A_PARTLYSUBMITTED,173706,2011-10-01 09:45:37+00:00,2011-10-01 09:45:37+00:00,10982
4,W_Afhandelenleads,173706,2011-10-01 09:45:37+00:00,2011-10-01 09:46:18+00:00,10982
5,W_Afhandelenleads,173706,2011-10-01 09:46:18+00:00,2011-10-01 10:15:43+00:00,112
6,A_PREACCEPTED,173706,2011-10-01 10:15:43+00:00,2011-10-01 10:16:48+00:00,No_resource
7,W_Completerenaanvraag,173706,2011-10-01 10:16:48+00:00,2011-10-01 10:16:48+00:00,No_resource
8,W_Afhandelenleads,173706,2011-10-01 10:16:48+00:00,2011-10-01 10:16:49+00:00,112
9,W_Completerenaanvraag,173706,2011-10-01 10:16:49+00:00,2011-10-01 11:49:28+00:00,112
10,W_Completerenaanvraag,173706,2011-10-01 11:49:28+00:00,2011-10-01 11:50:14+00:00,112
11,W_Completerenaanvraag,173706,2011-10-01 11:50:14+00:00,2011-10-01 11:50:21+00:00,10912
12,W_Completerenaanvraag,173706,2011-10-01 11:50:21+00:00,2011-10-01 11:53:55+00:00,10912
13,W_Completerenaanvraag,173706,2011-10-01 11:53:55+00:00,2011-10-01 14:50:26+00:00,10912
14,A_DECLINED,173706,2011-10-01 14:50:26+00:00,2011-10-01 14:59:58+00:00,10912
15,W_Completerenaanvraag,173706,2011-10-01 14:59:58+00:00,2011-10-01 15:00:02+00:00,11019
16,END,173706,2011-10-01 15:00:02+00:00,2011-10-01 15:00:03+00:00,11019
1,START,173709,2011-10-01 09:57:41+00:00,2011-10-01 09:57:41+00:00,10912
2,A_SUBMITTED,173709,2011-10-01 09:57:41+00:00,2011-10-01 09:57:42+00:00,10912
3,A_PARTLYSUBMITTED,173709,2011-10-01 09:57:42+00:00,2011-10-01 09:57:43+00:00,10912
4,A_PREACCEPTED,173709,2011-10-01 09:57:43+00:00,2011-10-01 09:58:27+00:00,10912
5,W_Completerenaanvraag,173709,2011-10-01 09:58:27+00:00,2011-10-01 09:58:27+00:00,10913
6,W_Completerenaanvraag,173709,2011-10-01 09:58:27+00:00,2011-10-01 10:26:42+00:00,10913
7,W_Completerenaanvraag,173709,2011-10-01 10:26:42+00:00,2011-10-01 10:27:07+00:00,10899
8,W_Completerenaanvraag,173709,2011-10-01 10:27:07+00:00,2011-10-01 11:40:40+00:00,10899
9,W_Completerenaanvraag,173709,2011-10-01 11:40:40+00:00,2011-10-01 11:43:02+00:00,10899
10,W_Completerenaanvraag,173709,2011-10-01 11:43:02+00:00,2011-10-10 17:42:24+00:00,10899
11,W_Completerenaanvraag,173709,2011-10-10 17:42:24+00:00,2011-10-10 17:43:13+00:00,10138
12,W_Completerenaanvraag,173709,2011-10-10 17:43:13+00:00,2011-11-01 09:15:08+00:00,10138
13,A_CANCELLED,173709,2011-11-01 09:15:08+00:00,2011-11-01 09:15:08+00:00,10138
14,END,173709,2011-11-01 09:15:08+00:00,2011-11-01 09:15:09+00:00,10138
1,START,173712,2011-10-01 09:58:29+00:00,2011-10-01 09:58:29+00:00,No_resource
2,A_SUBMITTED,173712,2011-10-01 09:58:29+00:00,2011-10-01 09:58:30+00:00,No_resource
3,A_PARTLYSUBMITTED,173712,2011-10-01 09:58:30+00:00,2011-10-01 09:58:30+00:00,10862
4,W_Afhandelenleads,173712,2011-10-01 09:58:30+00:00,2011-10-01 09:58:44+00:00,10862
5,W_Afhandelenleads,173712,2011-10-01 09:58:44+00:00,2011-10-01 10:08:36+00:00,10862
6,A_PREACCEPTED,173712,2011-10-01 10:08:36+00:00,2011-10-01 10:10:24+00:00,10862
7,W_Completerenaanvraag,173712,2011-10-01 10:10:24+00:00,2011-10-01 10:10:24+00:00,No_resource
8,W_Afhandelenleads,173712,2011-10-01 10:10:24+00:00,2011-10-01 10:10:25+00:00,No_resource
9,W_Completerenaanvraag,173712,2011-10-01 10:10:25+00:00,2011-10-01 12:59:13+00:00,No_resource
10,W_Completerenaanvraag,173712,2011-10-01 12:59:13+00:00,2011-10-01 13:03:35+00:00,No_resource
11,W_Completerenaanvraag,173712,2011-10-01 13:03:35+00:00,2011-10-03 11:16:05+00:00,No_resource
12,W_Completerenaanvraag,173712,2011-10-03 11:16:05+00:00,2011-10-03 11:17:29+00:00,No_resource
13,W_Completerenaanvraag,173712,2011-10-03 11:17:29+00:00,2011-10-03 14:39:34+00:00,11002
14,A_CANCELLED,173712,2011-10-03 14:39:34+00:00,2011-10-03 14:42:53+00:00,11002
15,W_Completerenaanvraag,173712,2011-10-03 14:42:53+00:00,2011-10-03 14:42:55+00:00,11049
16,END,173712,2011-10-03 14:42:55+00:00,2011-10-03 14:42:56+00:00,11049
1,START,173715,2011-10-01 09:59:09+00:00,2011-10-01 09:59:09+00:00,10913
2,A_SUBMITTED,173715,2011-10-01 09:59:09+00:00,2011-10-01 09:59:10+00:00,10913
3,A_PARTLYSUBMITTED,173715,2011-10-01 09:59:10+00:00,2011-10-01 09:59:10+00:00,No_resource
4,A_PREACCEPTED,173715,2011-10-01 09:59:10+00:00,2011-10-01 09:59:42+00:00,No_resource
5,W_Completerenaanvraag,173715,2011-10-01 09:59:42+00:00,2011-10-01 09:59:43+00:00,No_resource
6,W_Completerenaanvraag,173715,2011-10-01 09:59:43+00:00,2011-10-01 11:44:00+00:00,No_resource
7,W_Completerenaanvraag,173715,2011-10-01 11:44:00+00:00,2011-10-01 11:46:06+00:00,10889
8,W_Completerenaanvraag,173715,2011-10-01 11:46:06+00:00,2011-10-01 12:18:51+00:00,10889
9,A_ACCEPTED,173715,2011-10-01 12:18:51+00:00,2011-10-01 12:24:32+00:00,11002
10,O_SELECTED,173715,2011-10-01 12:24:32+00:00,2011-10-01 12:30:20+00:00,11002
11,A_FINALIZED,173715,2011-10-01 12:24:32+00:00,2011-10-01 12:30:20+00:00,11002
12,O_CREATED,173715,2011-10-01 12:30:20+00:00,2011-10-01 12:30:21+00:00,10972
13,O_SENT,173715,2011-10-01 12:30:21+00:00,2011-10-01 12:30:21+00:00,10972
14,W_Nabellenoffertes,173715,2011-10-01 12:30:21+00:00,2011-10-01 12:30:21+00:00,10972
15,W_Completerenaanvraag,173715,2011-10-01 12:30:21+00:00,2011-10-01 12:30:24+00:00,No_resource
16,W_Nabellenoffertes,173715,2011-10-01 12:30:24+00:00,2011-10-08 16:35:18+00:00,No_resource
17,W_Nabellenoffertes,173715,2011-10-08 16:35:18+00:00,2011-10-08 16:38:17+00:00,No_resource
18,W_Nabellenoffertes,173715,2011-10-08 16:38:17+00:00,2011-10-10 12:53:54+00:00,No_resource
19,O_SENT_BACK,173715,2011-10-10 12:53:54+00:00,2011-10-10 12:54:03+00:00,11049
20,W_Validerenaanvraag,173715,2011-10-10 12:54:03+00:00,2011-10-10 12:54:03+00:00,11049
21,W_Nabellenoffertes,173715,2011-10-10 12:54:03+00:00,2011-10-10 12:54:04+00:00,11121
22,W_Validerenaanvraag,173715,2011-10-10 12:54:04+00:00,2011-10-13 11:00:48+00:00,11121
23,A_DECLINED,173715,2011-10-13 11:00:48+00:00,2011-10-13 11:05:24+00:00,No_resource
24,O_DECLINED,173715,2011-10-13 11:05:24+00:00,2011-10-13 11:05:24+00:00,No_resource
25,W_Validerenaanvraag,173715,2011-10-13 11:05:24+00:00,2011-10-13 11:05:28+00:00,No_resource
26,END,173715,2011-10-13 11:05:28+00:00,2011-10-13 11:05:29+00:00,10972
1,START,173718,2011-10-01 10:37:38+00:00,2011-10-01 10:37:38+00:00,No_resource
2,A_SUBMITTED,173718,2011-10-01 10:37:38+00:00,2011-10-01 10:37:39+00:00,10609
3,A_PARTLYSUBMITTED,173718,2011-10-01 10:37:39+00:00,2011-10-01 10:37:39+00:00,10609
4,A_PREACCEPTED,173718,2011-10-01 10:37:39+00:00,2011-10-01 10:38:20+00:00,10609
5,W_Completerenaanvraag,173718,2011-10-01 10:38:20+00:00,2011-10-01 10:38:21+00:00,10912
6,W_Completerenaanvraag,173718,2011-10-01 10:38:21+00:00,2011-10-01 10:38:48+00:00,10912
7,A_ACCEPTED,173718,2011-10-01 10:38:48+00:00,2011-10-01 10:42:21+00:00,10912
8,A_FINALIZED,173718,2011-10-01 10:42:21+00:00,2011-10-01 10:46:52+00:00,10912
9,O_SELECTED,173718,2011-10-01 10:42:21+00:00,2011-10-01 10:44:40+00:00,No_resource
10,O_CREATED,173718,2011-10-01 10:44:40+00:00,2011-10-01 10:44:42+00:00,No_resource
11,O_SENT,173718,2011-10-01 10:44:42+00:00,2011-10-01 10:44:42+00:00,11009
12,W_Nabellenoffertes,173718,2011-10-01 10:44:42+00:00,2011-10-01 10:44:42+00:00,11009
13,W_Completerenaanvraag,173718,2011-10-01 10:44:42+00:00,2011-10-01 10:44:43+00:00,11009
14,W_Nabellenoffertes,173718,2011-10-01 10:44:43+00:00,2011-10-01 10:44:54+00:00,11009
15,W_Nabellenoffertes,173718,2011-10-01 10:44:54+00:00,2011-10-01 10:44:58+00:00,No_resource
16,W_Nabellenoffertes,173718,2011-10-01 10:44:58+00:00,2011-10-01 10:45:27+00:00,No_resource
17,O_SELECTED,173718,2011-10-01 10:45:27+00:00,2011-10-01 10:46:52+00:00,112
18,O_CANCELLED,173718,2011-10-01 10:46:52+00:00,2011-10-01 10:46:52+00:00,112
19,O_CREATED,173718,2011-10-01 10:46:52+00:00,2011-10-01 10:46:54+00:00,112
20,O_SENT,173718,2011-10-01 10:46:54+00:00,2011-10-01 10:46:54+00:00,10912
21,W_Nabellenoffertes,173718,2011-10-01 10:46:54+00:00,2011-10-01 10:46:54+00:00,10912
22,W_Nabellenoffertes,173718,2011-10-01 10:46:54+00:00,2011-10-01 10:46:56+00:00,10939
23,W_Nabellenoffertes,173718,2011-10-01 10:46:56+00:00,2011-10-01 10:47:14+00:00,10939
24,W_Nabellenoffertes,173718,2011-10-01 10:47:14+00:00,2011-10-01 10:50:20+00:00,10939
25,W_Nabellenoffertes,173718,2011-10-01 10:50:20+00:00,2011-10-01 10:50:29+00:00,10939
26,W_Nabellenoffertes,173718,2011-10-01 10:50:29+00:00,2011-10-01 10:50:34+00:00,10912
27,W_Nabellenoffertes,173718,2011-10-01 10:50:34+00:00,2011-10-08 16:29:16+00:00,10912
28,W_Nabellenoffertes,173718,2011-10-08 16:29:16+00:00,2011-10-08 16:31:37+00:00,No_resource
29,W_Nabellenoffertes,173718,2011-10-08 16:31:37+00:00,2011-10-10 10:54:21+00:00,No_resource
30,O_SENT_BACK,173718,2011-10-10 10:54:21+00:00,2011-10-10 10:55:04+00:00,11000
31,W_Validerenaanvraag,173718,2011-10-10 10:55:04+00:00,2011-10-10 10:55:05+00:00,11000
32,W_Nabellenoffertes,173718,2011-10-10 10:55:05+00:00,2011-10-10 10:55:07+00:00,No_resource
33,W_Validerenaanvraag,173718,2011-10-10 10:55:07+00:00,2011-10-13 12:09:25+00:00,No_resource
34,W_Nabellenincompletedossiers,173718,2011-10-13 12:09:25+00:00,2011-10-13 12:36:10+00:00,11201
35,W_Validerenaanvraag,173718,2011-10-13 12:36:10+00:00,2011-10-13 12:36:12+00:00,11201
36,W_Nabellenincompletedossiers,173718,2011-10-13 12:36:12+00:00,2011-10-13 13:01:57+00:00,11201
37,W_Nabellenincompletedossiers,173718,2011-10-13 13:01:57+00:00,2011-10-13 13:05:42+00:00,No_resource
38,W_Nabellenincompletedossiers,173718,2011-10-13 13:05:42+00:00,2011-10-13 13:52:13+00:00,No_resource
39,W_Nabellenincompletedossiers,173718,2011-10-13 13:52:13+00:00,2011-10-13 13:53:16+00:00,112
40,W_Nabellenincompletedossiers,173718,2011-10-13 13:53:16+00:00,2011-10-13 16:51:40+00:00,112
41,W_Nabellenincompletedossiers,173718,2011-10-13 16:51:40+00:00,2011-10-13 17:12:01+00:00,112
42,W_Nabellenincompletedossiers,173718,2011-10-13 17:12:01+00:00,2011-10-13 17:12:16+00:00,No_resource
43,W_Nabellenincompletedossiers,173718,2011-10-13 17:12:16+00:00,2011-10-13 17:14:13+00:00,No_resource
44,W_Nabellenincompletedossiers,173718,2011-10-13 17:14:13+00:00,2011-10-13 17:14:15+00:00,112
45,W_Nabellenincompletedossiers,173718,2011-10-13 17:14:15+00:00,2011-10-13 17:14:26+00:00,112
46,W_Nabellenincompletedossiers,173718,2011-10-13 17:14:26+00:00,2011-10-15 15:13:04+00:00,112
47,W_Nabellenincompletedossiers,173718,2011-10-15 15:13:04+00:00,2011-10-15 15:17:31+00:00,112
48,W_Nabellenincompletedossiers,173718,2011-10-15 15:17:31+00:00,2011-10-15 16:56:05+00:00,10912
49,W_Nabellenincompletedossiers,173718,2011-10-15 16:56:05+00:00,2011-10-15 16:56:14+00:00,10912
50,W_Nabellenincompletedossiers,173718,2011-10-15 16:56:14+00:00,2011-10-17 13:31:52+00:00,11203
51,W_Nabellenincompletedossiers,173718,2011-10-17 13:31:52+00:00,2011-10-17 13:32:51+00:00,11203
52,W_Nabellenincompletedossiers,173718,2011-10-17 13:32:51+00:00,2011-10-17 14:28:20+00:00,11203
53,W_Nabellenincompletedossiers,173718,2011-10-17 14:28:20+00:00,2011-10-17 14:28:36+00:00,11203
54,W_Nabellenincompletedossiers,173718,2011-10-17 14:28:36+00:00,2011-10-18 16:14:48+00:00,11203
55,W_Nabellenincompletedossiers,173718,2011-10-18 16:14:48+00:00,2011-10-18 16:46:24+00:00,11203
56,W_Nabellenincompletedossiers,173718,2011-10-18 16:46:24+00:00,2011-10-18 17:23:36+00:00,11203
57,W_Validerenaanvraag,173718,2011-10-18 17:23:36+00:00,2011-10-18 17:46:32+00:00,11203
58,W_Nabellenincompletedossiers,173718,2011-10-18 17:46:32+00:00,2011-10-18 17:46:34+00:00,11203
59,W_Validerenaanvraag,173718,2011-10-18 17:46:34+00:00,2011-10-19 08:40:06+00:00,11203
60,W_Nabellenincompletedossiers,173718,2011-10-19 08:40:06+00:00,2011-10-19 08:53:19+00:00,11203
61,W_Validerenaanvraag,173718,2011-10-19 08:53:19+00:00,2011-10-19 08:53:21+00:00,11203
62,W_Nabellenincompletedossiers,173718,2011-10-19 08:53:21+00:00,2011-10-19 09:04:40+00:00,11203
63,W_Nabellenincompletedossiers,173718,2011-10-19 09:04:40+00:00,2011-10-19 09:17:01+00:00,11203
64,W_Nabellenincompletedossiers,173718,2011-10-19 09:17:01+00:00,2011-10-19 09:17:06+00:00,10913
65,W_Nabellenincompletedossiers,173718,2011-10-19 09:17:06+00:00,2011-10-19 09:24:19+00:00,10913
66,W_Nabellenincompletedossiers,173718,2011-10-19 09:24:19+00:00,2011-10-20 09:30:20+00:00,No_resource
67,W_Nabellenincompletedossiers,173718,2011-10-20 09:30:20+00:00,2011-10-20 09:30:32+00:00,No_resource
68,W_Nabellenincompletedossiers,173718,2011-10-20 09:30:32+00:00,2011-10-24 15:18:56+00:00,No_resource
69,W_Nabellenincompletedossiers,173718,2011-10-24 15:18:56+00:00,2011-10-24 15:24:55+00:00,No_resource
70,W_Nabellenincompletedossiers,173718,2011-10-24 15:24:55+00:00,2011-10-26 08:11:48+00:00,10863
71,W_Validerenaanvraag,173718,2011-10-26 08:11:48+00:00,2011-10-26 08:12:36+00:00,10863
72,W_Nabellenincompletedossiers,173718,2011-10-26 08:12:36+00:00,2011-10-26 08:12:38+00:00,11180
73,W_Validerenaanvraag,173718,2011-10-26 08:12:38+00:00,2011-10-27 09:02:10+00:00,11180
74,O_ACCEPTED,173718,2011-10-27 09:02:10+00:00,2011-10-27 09:17:53+00:00,11180
75,A_APPROVED,173718,2011-10-27 09:17:53+00:00,2011-10-27 09:17:53+00:00,11180
76,A_REGISTERED,173718,2011-10-27 09:17:53+00:00,2011-10-27 09:17:53+00:00,No_resource
77,A_ACTIVATED,173718,2011-10-27 09:17:53+00:00,2011-10-27 09:17:53+00:00,11029
78,W_Validerenaanvraag,173718,2011-10-27 09:17:53+00:00,2011-10-27 09:18:01+00:00,No_resource
79,END,173718,2011-10-27 09:18:01+00:00,2011-10-27 09:18:02+00:00,No_resource
1,START,173721,2011-10-01 11:07:33+00:00,2011-10-01 11:07:33+00:00,No_resource
2,A_SUBMITTED,173721,2011-10-01 11:07:33+00:00,2011-10-01 11:07:34+00:00,No_resource
3,A_PARTLYSUBMITTED,173721,2011-10-01 11:07:34+00:00,2011-10-01 11:07:34+00:00,No_resource
4,A_PREACCEPTED,173721,2011-10-01 11:07:34+00:00,2011-10-01 11:08:17+00:00,No_resource
5,W_Completerenaanvraag,173721,2011-10-01 11:08:17+00:00,2011-10-01 11:08:17+00:00,No_resource
6,W_Completerenaanvraag,173721,2011-10-01 11:08:17+00:00,2011-10-01 11:09:08+00:00,11169
7,A_ACCEPTED,173721,2011-10-01 11:09:08+00:00,2011-10-01 11:18:36+00:00,11169
8,O_SELECTED,173721,2011-10-01 11:18:36+00:00,2011-10-01 11:20:47+00:00,11169
9,A_FINALIZED,173721,2011-10-01 11:18:36+00:00,2011-10-01 11:20:47+00:00,11169
10,O_CREATED,173721,2011-10-01 11:20:47+00:00,2011-10-01 11:20:49+00:00,11169
11,O_SENT,173721,2011-10-01 11:20:49+00:00,2011-10-01 11:20:49+00:00,11169
12,W_Nabellenoffertes,173721,2011-10-01 11:20:49+00:00,2011-10-01 11:20:49+00:00,11169
13,W_Completerenaanvraag,173721,2011-10-01 11:20:49+00:00,2011-10-01 11:20:50+00:00,No_resource
14,W_Nabellenoffertes,173721,2011-10-01 11:20:50+00:00,2011-10-01 11:21:20+00:00,No_resource
15,W_Nabellenoffertes,173721,2011-10-01 11:21:20+00:00,2011-10-01 11:22:52+00:00,No_resource
16,W_Nabellenoffertes,173721,2011-10-01 11:22:52+00:00,2011-10-01 11:26:32+00:00,11029
17,W_Nabellenoffertes,173721,2011-10-01 11:26:32+00:00,2011-10-01 11:32:54+00:00,No_resource
18,W_Nabellenoffertes,173721,2011-10-01 11:32:54+00:00,2011-10-04 14:44:10+00:00,No_resource
19,W_Nabellenoffertes,173721,2011-10-04 14:44:10+00:00,2011-10-04 14:47:39+00:00,10809
20,W_Nabellenoffertes,173721,2011-10-04 14:47:39+00:00,2011-10-06 09:49:01+00:00,10809
21,O_SENT_BACK,173721,2011-10-06 09:49:01+00:00,2011-10-06 09:49:46+00:00,10809
22,W_Validerenaanvraag,173721,2011-10-06 09:49:46+00:00,2011-10-06 09:49:46+00:00,10809
23,W_Nabellenoffertes,173721,2011-10-06 09:49:46+00:00,2011-10-06 09:49:47+00:00,10809
24,W_Validerenaanvraag,173721,2011-10-06 09:49:47+00:00,2011-10-10 09:32:46+00:00,10809
25,W_Nabellenincompletedossiers,173721,2011-10-10 09:32:46+00:00,2011-10-10 10:06:07+00:00,No_resource
26,W_Validerenaanvraag,173721,2011-10-10 10:06:07+00:00,2011-10-10 10:06:09+00:00,No_resource
27,W_Nabellenincompletedossiers,173721,2011-10-10 10:06:09+00:00,2011-10-10 10:17:26+00:00,112
28,W_Nabellenincompletedossiers,173721,2011-10-10 10:17:26+00:00,2011-10-10 10:20:04+00:00,112
29,W_Nabellenincompletedossiers,173721,2011-10-10 10:20:04+00:00,2011-10-10 11:40:34+00:00,112
30,W_Nabellenincompletedossiers,173721,2011-10-10 11:40:34+00:00,2011-10-10 11:42:32+00:00,112
31,W_Nabellenincompletedossiers,173721,2011-10-10 11:42:32+00:00,2011-10-10 14:15:47+00:00,11000
32,W_Nabellenincompletedossiers,173721,2011-10-10 14:15:47+00:00,2011-10-10 14:22:14+00:00,11000
33,W_Nabellenincompletedossiers,173721,2011-10-10 14:22:14+00:00,2011-10-10 16:22:05+00:00,No_resource
34,O_DECLINED,173721,2011-10-10 16:22:05+00:00,2011-10-10 16:28:25+00:00,No_resource
35,A_DECLINED,173721,2011-10-10 16:28:25+00:00,2011-10-10 16:28:25+00:00,11000
36,W_Nabellenincompletedossiers,173721,2011-10-10 16:28:25+00:00,2011-10-10 16:28:29+00:00,11000
37,END,173721,2011-10-10 16:28:29+00:00,2011-10-10 16:28:30+00:00,11000
1,START,173724,2011-10-01 11:52:13+00:00,2011-10-01 11:52:13+00:00,112
2,A_SUBMITTED,173724,2011-10-01 11:52:13+00:00,2011-10-01 11:52:14+00:00,112
3,A_PARTLYSUBMITTED,173724,2011-10-01 11:52:14+00:00,2011-10-01 11:52:14+00:00,112
4,W_Afhandelenleads,173724,2011-10-01 11:52:14+00:00,2011-10-01 11:53:00+00:00,10939
5,W_Afhandelenleads,173724,2011-10-01 11:53:00+00:00,2011-10-01 12:04:34+00:00,10939
6,W_Afhandelenleads,173724,2011-10-01 12:04:34+00:00,2011-10-01 12:12:27+00:00,10939
7,W_Afhandelenleads,173724,2011-10-01 12:12:27+00:00,2011-10-01 12:19:56+00:00,10939
8,A_PREACCEPTED,173724,2011-10-01 12:19:56+00:00,2011-10-01 12:20:54+00:00,No_resource
9,W_Completerenaanvraag,173724,2011-10-01 12:20:54+00:00,2011-10-01 12:20:54+00:00,No_resource
10,W_Afhandelenleads,173724,2011-10-01 12:20:54+00:00,2011-10-01 12:20:55+00:00,11180
11,W_Completerenaanvraag,173724,2011-10-01 12:20:55+00:00,2011-10-01 13:24:12+00:00,11180
12,W_Completerenaanvraag,173724,2011-10-01 13:24:12+00:00,2011-10-01 13:27:08+00:00,11201
13,W_Completerenaanvraag,173724,2011-10-01 13:27:08+00:00,2011-10-01 14:01:52+00:00,11201
14,W_Completerenaanvraag,173724,2011-10-01 14:01:52+00:00,2011-10-01 14:02:01+00:00,11169
15,W_Completerenaanvraag,173724,2011-10-01 14:02:01+00:00,2011-10-01 15:12:31+00:00,11169
16,W_Completerenaanvraag,173724,2011-10-01 15:12:31+00:00,2011-10-01 15:15:17+00:00,11179
17,W_Completerenaanvraag,173724,2011-10-01 15:15:17+00:00,2011-10-03 11:31:38+00:00,11179
18,W_Completerenaanvraag,173724,2011-10-03 11:31:38+00:00,2011-10-03 11:33:42+00:00,11122
19,W_Completerenaanvraag,173724,2011-10-03 11:33:42+00:00,2011-10-03 15:37:41+00:00,11122
20,A_DECLINED,173724,2011-10-03 15:37:41+00:00,2011-10-03 15:48:17+00:00,11180
21,W_Completerenaanvraag,173724,2011-10-03 15:48:17+00:00,2011-10-03 15:48:20+00:00,11180
22,END,173724,2011-10-03 15:48:20+00:00,2011-10-03 15:48:21+00:00,No_resource
1,START,173727,2011-10-01 12:08:45+00:00,2011-10-01 12:08:45+00:00,10939
2,A_SUBMITTED,173727,2011-10-01 12:08:45+00:00,2011-10-01 12:08:46+00:00,10939
3,A_PARTLYSUBMITTED,173727,2011-10-01 12:08:46+00:00,2011-10-01 12:08:46+00:00,10939
4,A_DECLINED,173727,2011-10-01 12:08:46+00:00,2011-10-01 12:09:30+00:00,10939
5,END,173727,2011-10-01 12:09:30+00:00,2011-10-01 12:09:31+00:00,No_resource
1,START,173730,2011-10-01 12:36:07+00:00,2011-10-01 12:36:07+00:00,No_resource
2,A_SUBMITTED,173730,2011-10-01 12:36:07+00:00,2011-10-01 12:36:08+00:00,11000
3,A_PARTLYSUBMITTED,173730,2011-10-01 12:36:08+00:00,2011-10-01 12:36:09+00:00,11000
4,A_PREACCEPTED,173730,2011-10-01 12:36:09+00:00,2011-10-01 12:36:59+00:00,11000
5,W_Completerenaanvraag,173730,2011-10-01 12:36:59+00:00,2011-10-01 12:36:59+00:00,11000
6,W_Completerenaanvraag,173730,2011-10-01 12:36:59+00:00,2011-10-01 13:52:49+00:00,No_resource
7,W_Completerenaanvraag,173730,2011-10-01 13:52:49+00:00,2011-10-01 13:55:31+00:00,No_resource
8,W_Completerenaanvraag,173730,2011-10-01 13:55:31+00:00,2011-10-01 15:14:58+00:00,112
9,W_Completerenaanvraag,173730,2011-10-01 15:14:58+00:00,2011-10-01 15:15:12+00:00,112
10,W_Completerenaanvraag,173730,2011-10-01 15:15:12+00:00,2011-10-01 15:15:21+00:00,112
11,W_Completerenaanvraag,173730,2011-10-01 15:15:21+00:00,2011-10-01 15:31:19+00:00,10939
12,W_Completerenaanvraag,173730,2011-10-01 15:31:19+00:00,2011-10-01 15:31:39+00:00,10939
13,A_ACCEPTED,173730,2011-10-01 15:31:39+00:00,2011-10-01 15:36:06+00:00,10939
14,O_SELECTED,173730,2011-10-01 15:36:06+00:00,2011-10-01 15:40:08+00:00,10939
15,A_FINALIZED,173730,2011-10-01 15:36:06+00:00,2011-10-01 15:40:08+00:00,10939
16,O_CREATED,173730,2011-10-01 15:40:08+00:00,2011-10-01 15:40:09+00:00,10939
17,O_SENT,173730,2011-10-01 15:40:09+00:00,2011-10-01 15:40:10+00:00,10939
18,W_Nabellenoffertes,173730,2011-10-01 15:40:10+00:00,2011-10-01 15:40:10+00:00,10939
19,W_Completerenaanvraag,173730,2011-10-01 15:40:10+00:00,2011-10-01 15:40:12+00:00,No_resource
20,W_Nabellenoffertes,173730,2011-10-01 15:40:12+00:00,2011-10-01 15:43:00+00:00,No_resource
21,W_Nabellenoffertes,173730,2011-10-01 15:43:00+00:00,2011-10-01 15:48:39+00:00,11019
22,W_Nabellenoffertes,173730,2011-10-01 15:48:39+00:00,2011-10-08 16:16:59+00:00,11019
23,W_Nabellenoffertes,173730,2011-10-08 16:16:59+00:00,2011-10-08 16:20:20+00:00,11119
24,W_Nabellenoffertes,173730,2011-10-08 16:20:20+00:00,2011-10-10 20:47:16+00:00,11119
25,W_Nabellenoffertes,173730,2011-10-10 20:47:16+00:00,2011-10-10 20:49:26+00:00,11119
26,W_Nabellenoffertes,173730,2011-10-10 20:49:26+00:00,2011-10-11 10:46:18+00:00,11119
27,W_Nabellenoffertes,173730,2011-10-11 10:46:18+00:00,2011-10-11 10:47:04+00:00,11119
28,W_Nabellenoffertes,173730,2011-10-11 10:47:04+00:00,2011-10-11 19:54:03+00:00,11119
29,W_Nabellenoffertes,173730,2011-10-11 19:54:03+00:00,2011-10-11 19:55:07+00:00,11119
30,W_Nabellenoffertes,173730,2011-10-11 19:55:07+00:00,2011-10-12 15:36:27+00:00,11119
31,W_Nabellenoffertes,173730,2011-10-12 15:36:27+00:00,2011-10-12 15:37:20+00:00,11119
32,W_Nabellenoffertes,173730,2011-10-12 15:37:20+00:00,2011-10-13 18:34:47+00:00,11119
33,W_Nabellenoffertes,173730,2011-10-13 18:34:47+00:00,2011-10-13 18:35:43+00:00,11119
34,W_Nabellenoffertes,173730,2011-10-13 18:35:43+00:00,2011-10-14 10:20:21+00:00,11119
35,O_SENT_BACK,173730,2011-10-14 10:20:21+00:00,2011-10-14 10:21:08+00:00,11119
36,W_Validerenaanvraag,173730,2011-10-14 10:21:08+00:00,2011-10-14 10:21:08+00:00,11119
37,W_Nabellenoffertes,173730,2011-10-14 10:21:08+00:00,2011-10-14 10:21:10+00:00,11119
38,W_Validerenaanvraag,173730,2011-10-14 10:21:10+00:00,2011-10-19 12:25:18+00:00,11119
39,W_Nabellenincompletedossiers,173730,2011-10-19 12:25:18+00:00,2011-10-19 13:20:03+00:00,11119
40,W_Validerenaanvraag,173730,2011-10-19 13:20:03+00:00,2011-10-19 13:20:05+00:00,11119
41,W_Nabellenincompletedossiers,173730,2011-10-19 13:20:05+00:00,2011-10-19 13:23:54+00:00,11119
42,W_Nabellenincompletedossiers,173730,2011-10-19 13:23:54+00:00,2011-10-19 13:32:57+00:00,11001
43,W_Nabellenincompletedossiers,173730,2011-10-19 13:32:57+00:00,2011-10-19 13:34:34+00:00,11001
44,W_Nabellenincompletedossiers,173730,2011-10-19 13:34:34+00:00,2011-10-19 13:36:44+00:00,11001
45,W_Nabellenincompletedossiers,173730,2011-10-19 13:36:44+00:00,2011-10-19 18:55:05+00:00,11001
46,W_Nabellenincompletedossiers,173730,2011-10-19 18:55:05+00:00,2011-10-19 19:11:47+00:00,No_resource
47,W_Nabellenincompletedossiers,173730,2011-10-19 19:11:47+00:00,2011-10-20 08:10:10+00:00,No_resource
48,W_Validerenaanvraag,173730,2011-10-20 08:10:10+00:00,2011-10-20 08:10:34+00:00,112
49,W_Nabellenincompletedossiers,173730,2011-10-20 08:10:34+00:00,2011-10-20 08:10:36+00:00,112
50,W_Validerenaanvraag,173730,2011-10-20 08:10:36+00:00,2011-10-20 09:37:43+00:00,112
51,W_Nabellenincompletedossiers,173730,2011-10-20 09:37:43+00:00,2011-10-20 10:08:54+00:00,112
52,W_Validerenaanvraag,173730,2011-10-20 10:08:54+00:00,2011-10-20 10:08:56+00:00,11000
53,W_Nabellenincompletedossiers,173730,2011-10-20 10:08:56+00:00,2011-10-20 10:18:21+00:00,11000
54,W_Nabellenincompletedossiers,173730,2011-10-20 10:18:21+00:00,2011-10-20 10:27:48+00:00,No_resource
55,W_Nabellenincompletedossiers,173730,2011-10-20 10:27:48+00:00,2011-10-20 10:43:25+00:00,11111
56,W_Validerenaanvraag,173730,2011-10-20 10:43:25+00:00,2011-10-20 10:45:04+00:00,11111
57,W_Nabellenincompletedossiers,173730,2011-10-20 10:45:04+00:00,2011-10-20 10:45:06+00:00,11111
58,W_Validerenaanvraag,173730,2011-10-20 10:45:06+00:00,2011-10-20 11:55:35+00:00,11111
59,W_Nabellenincompletedossiers,173730,2011-10-20 11:55:35+00:00,2011-10-20 12:00:44+00:00,11111
60,W_Validerenaanvraag,173730,2011-10-20 12:00:44+00:00,2011-10-20 12:00:47+00:00,No_resource
61,W_Nabellenincompletedossiers,173730,2011-10-20 12:00:47+00:00,2011-10-20 12:19:37+00:00,No_resource
62,W_Nabellenincompletedossiers,173730,2011-10-20 12:19:37+00:00,2011-10-20 12:32:33+00:00,10899
63,W_Nabellenincompletedossiers,173730,2011-10-20 12:32:33+00:00,2011-10-20 13:51:25+00:00,10899
64,W_Nabellenincompletedossiers,173730,2011-10-20 13:51:25+00:00,2011-10-20 13:52:22+00:00,10899
65,W_Nabellenincompletedossiers,173730,2011-10-20 13:52:22+00:00,2011-10-20 16:25:05+00:00,10899
66,W_Validerenaanvraag,173730,2011-10-20 16:25:05+00:00,2011-10-20 16:25:39+00:00,10138
67,W_Nabellenincompletedossiers,173730,2011-10-20 16:25:39+00:00,2011-10-20 16:25:42+00:00,10138
68,W_Validerenaanvraag,173730,2011-10-20 16:25:42+00:00,2011-10-20 16:55:11+00:00,10138
69,W_Validerenaanvraag,173730,2011-10-20 16:55:11+00:00,2011-10-21 06:15:05+00:00,10138
70,W_Validerenaanvraag,173730,2011-10-21 06:15:05+00:00,2011-10-21 09:01:28+00:00,10138
71,W_Validerenaanvraag,173730,2011-10-21 09:01:28+00:00,2011-10-21 09:05:10+00:00,10138
72,W_Validerenaanvraag,173730,2011-10-21 09:05:10+00:00,2011-10-21 09:06:55+00:00,No_resource
73,O_ACCEPTED,173730,2011-10-21 09:06:55+00:00,2011-10-21 09:08:14+00:00,No_resource
74,A_ACTIVATED,173730,2011-10-21 09:08:14+00:00,2011-10-21 09:08:14+00:00,112
75,A_REGISTERED,173730,2011-10-21 09:08:14+00:00,2011-10-21 09:08:14+00:00,112
76,A_APPROVED,173730,2011-10-21 09:08:14+00:00,2011-10-21 09:08:14+00:00,112
77,W_Validerenaanvraag,173730,2011-10-21 09:08:14+00:00,2011-10-21 09:08:21+00:00,112
78,END,173730,2011-10-21 09:08:21+00:00,2011-10-21 09:08:22+00:00,11000
1,START,173733,2011-10-01 12:39:33+00:00,2011-10-01 12:39:33+00:00,112
2,A_SUBMITTED,173733,2011-10-01 12:39:33+00:00,2011-10-01 12:39:34+00:00,112
3,A_PARTLYSUBMITTED,173733,2011-10-01 12:39:34+00:00,2011-10-01 12:39:34+00:00,112
4,W_Afhandelenleads,173733,2011-10-01 12:39:34+00:00,2011-10-01 12:40:14+00:00,112
5,W_Afhandelenleads,173733,2011-10-01 12:40:14+00:00,2011-10-01 14:54:11+00:00,11019
6,A_DECLINED,173733,2011-10-01 14:54:11+00:00,2011-10-01 14:54:53+00:00,11019
7,W_Afhandelenleads,173733,2011-10-01 14:54:53+00:00,2011-10-01 14:54:56+00:00,11203
8,END,173733,2011-10-01 14:54:56+00:00,2011-10-01 14:54:57+00:00,11203
1,START,173736,2011-10-01 13:01:57+00:00,2011-10-01 13:01:57+00:00,11180
2,A_SUBMITTED,173736,2011-10-01 13:01:57+00:00,2011-10-01 13:01:58+00:00,No_resource
3,A_PARTLYSUBMITTED,173736,2011-10-01 13:01:58+00:00,2011-10-01 13:01:59+00:00,No_resource
4,A_PREACCEPTED,173736,2011-10-01 13:01:59+00:00,2011-10-01 13:02:44+00:00,No_resource
5,W_Completerenaanvraag,173736,2011-10-01 13:02:44+00:00,2011-10-01 13:02:44+00:00,No_resource
6,W_Completerenaanvraag,173736,2011-10-01 13:02:44+00:00,2011-10-01 15:25:56+00:00,11181
7,W_Completerenaanvraag,173736,2011-10-01 15:25:56+00:00,2011-10-01 15:40:09+00:00,11181
8,W_Completerenaanvraag,173736,2011-10-01 15:40:09+00:00,2011-10-01 15:49:16+00:00,No_resource
9,W_Completerenaanvraag,173736,2011-10-01 15:49:16+00:00,2011-10-01 15:55:45+00:00,No_resource
10,W_Completerenaanvraag,173736,2011-10-01 15:55:45+00:00,2011-10-01 15:56:00+00:00,11180
11,A_ACCEPTED,173736,2011-10-01 15:56:00+00:00,2011-10-01 16:00:15+00:00,11180
12,A_FINALIZED,173736,2011-10-01 16:00:15+00:00,2011-10-01 16:05:26+00:00,11180
13,O_SELECTED,173736,2011-10-01 16:00:15+00:00,2011-10-01 16:05:26+00:00,No_resource
14,O_CREATED,173736,2011-10-01 16:05:26+00:00,2011-10-01 16:05:27+00:00,No_resource
15,O_SENT,173736,2011-10-01 16:05:27+00:00,2011-10-01 16:05:27+00:00,112
16,W_Nabellenoffertes,173736,2011-10-01 16:05:27+00:00,2011-10-01 16:05:27+00:00,112
17,W_Completerenaanvraag,173736,2011-10-01 16:05:27+00:00,2011-10-01 16:05:28+00:00,112
18,W_Nabellenoffertes,173736,2011-10-01 16:05:28+00:00,2011-10-04 12:56:41+00:00,No_resource
19,O_SELECTED,173736,2011-10-04 12:56:41+00:00,2011-10-04 12:59:20+00:00,No_resource
20,O_CANCELLED,173736,2011-10-04 12:59:20+00:00,2011-10-04 12:59:20+00:00,112
21,O_CREATED,173736,2011-10-04 12:59:20+00:00,2011-10-04 12:59:21+00:00,112
22,O_SENT,173736,2011-10-04 12:59:21+00:00,2011-10-04 12:59:21+00:00,112
23,W_Nabellenoffertes,173736,2011-10-04 12:59:21+00:00,2011-10-04 12:59:21+00:00,No_resource
24,W_Nabellenoffertes,173736,2011-10-04 12:59:21+00:00,2011-10-04 12:59:22+00:00,No_resource
25,W_Nabellenoffertes,173736,2011-10-04 12:59:22+00:00,2011-10-10 13:33:49+00:00,112
26,O_SENT_BACK,173736,2011-10-10 13:33:49+00:00,2011-10-10 13:33:58+00:00,112
27,W_Validerenaanvraag,173736,2011-10-10 13:33:58+00:00,2011-10-10 13:33:58+00:00,112
28,W_Nabellenoffertes,173736,2011-10-10 13:33:58+00:00,2011-10-10 13:34:00+00:00,112
29,W_Validerenaanvraag,173736,2011-10-10 13:34:00+00:00,2011-10-13 10:30:56+00:00,No_resource
30,W_Nabellenincompletedossiers,173736,2011-10-13 10:30:56+00:00,2011-10-13 10:49:07+00:00,No_resource
31,W_Validerenaanvraag,173736,2011-10-13 10:49:07+00:00,2011-10-13 10:49:09+00:00,10913
32,W_Nabellenincompletedossiers,173736,2011-10-13 10:49:09+00:00,2011-10-13 10:58:34+00:00,10913
33,W_Nabellenincompletedossiers,173736,2011-10-13 10:58:34+00:00,2011-10-13 11:03:37+00:00,10913
34,W_Nabellenincompletedossiers,173736,2011-10-13 11:03:37+00:00,2011-10-13 11:04:05+00:00,No_resource
35,W_Nabellenincompletedossiers,173736,2011-10-13 11:04:05+00:00,2011-10-13 11:06:33+00:00,No_resource
36,W_Nabellenincompletedossiers,173736,2011-10-13 11:06:33+00:00,2011-10-13 11:06:53+00:00,112
37,W_Nabellenincompletedossiers,173736,2011-10-13 11:06:53+00:00,2011-10-13 11:08:21+00:00,112
38,W_Nabellenincompletedossiers,173736,2011-10-13 11:08:21+00:00,2011-10-13 11:27:32+00:00,112
39,O_SELECTED,173736,2011-10-13 11:27:32+00:00,2011-10-13 11:36:52+00:00,No_resource
40,O_CANCELLED,173736,2011-10-13 11:36:52+00:00,2011-10-13 11:36:52+00:00,10971
41,O_CREATED,173736,2011-10-13 11:36:52+00:00,2011-10-13 11:36:53+00:00,No_resource
42,O_SENT,173736,2011-10-13 11:36:53+00:00,2011-10-13 11:36:53+00:00,No_resource
43,W_Nabellenincompletedossiers,173736,2011-10-13 11:36:53+00:00,2011-10-13 11:36:53+00:00,No_resource
44,W_Nabellenincompletedossiers,173736,2011-10-13 11:36:53+00:00,2011-10-13 11:36:55+00:00,112
45,W_Nabellenincompletedossiers,173736,2011-10-13 11:36:55+00:00,2011-10-13 12:14:36+00:00,112
46,W_Nabellenincompletedossiers,173736,2011-10-13 12:14:36+00:00,2011-10-13 12:16:30+00:00,112
47,W_Nabellenincompletedossiers,173736,2011-10-13 12:16:30+00:00,2011-10-18 10:20:13+00:00,112
48,O_SENT_BACK,173736,2011-10-18 10:20:13+00:00,2011-10-18 10:20:36+00:00,11180
49,W_Validerenaanvraag,173736,2011-10-18 10:20:36+00:00,2011-10-18 10:20:36+00:00,11180
50,W_Nabellenincompletedossiers,173736,2011-10-18 10:20:36+00:00,2011-10-18 10:20:38+00:00,11180
51,W_Validerenaanvraag,173736,2011-10-18 10:20:38+00:00,2011-10-18 11:50:29+00:00,No_resource
52,O_ACCEPTED,173736,2011-10-18 11:50:29+00:00,2011-10-18 12:01:28+00:00,No_resource
53,A_APPROVED,173736,2011-10-18 12:01:28+00:00,2011-10-18 12:01:28+00:00,No_resource
54,A_REGISTERED,173736,2011-10-18 12:01:28+00:00,2011-10-18 12:01:28+00:00,No_resource
55,A_ACTIVATED,173736,2011-10-18 12:01:28+00:00,2011-10-18 12:01:28+00:00,No_resource
56,W_Validerenaanvraag,173736,2011-10-18 12:01:28+00:00,2011-10-18 12:01:37+00:00,No_resource
57,END,173736,2011-10-18 12:01:37+00:00,2011-10-18 12:01:38+00:00,No_resource
1,START,173739,2011-10-01 13:12:57+00:00,2011-10-01 13:12:57+00:00,No_resource
2,A_SUBMITTED,173739,2011-10-01 13:12:57+00:00,2011-10-01 13:12:58+00:00,No_resource
3,A_PARTLYSUBMITTED,173739,2011-10-01 13:12:58+00:00,2011-10-01 13:12:58+00:00,No_resource
4,A_PREACCEPTED,173739,2011-10-01 13:12:58+00:00,2011-10-01 13:13:42+00:00,No_resource
5,W_Completerenaanvraag,173739,2011-10-01 13:13:42+00:00,2011-10-01 13:13:42+00:00,No_resource
6,W_Completerenaanvraag,173739,2011-10-01 13:13:42+00:00,2011-10-01 15:26:10+00:00,No_resource
7,W_Completerenaanvraag,173739,2011-10-01 15:26:10+00:00,2011-10-01 15:27:27+00:00,No_resource
8,W_Completerenaanvraag,173739,2011-10-01 15:27:27+00:00,2011-10-01 15:39:44+00:00,No_resource
9,W_Completerenaanvraag,173739,2011-10-01 15:39:44+00:00,2011-10-01 15:42:01+00:00,No_resource
10,W_Completerenaanvraag,173739,2011-10-01 15:42:01+00:00,2011-10-01 15:44:57+00:00,No_resource
11,A_ACCEPTED,173739,2011-10-01 15:44:57+00:00,2011-10-01 15:54:11+00:00,No_resource
12,O_SELECTED,173739,2011-10-01 15:54:11+00:00,2011-10-01 15:56:39+00:00,No_resource
13,A_FINALIZED,173739,2011-10-01 15:54:11+00:00,2011-10-01 15:56:39+00:00,No_resource
14,O_CREATED,173739,2011-10-01 15:56:39+00:00,2011-10-01 15:56:40+00:00,No_resource
15,O_SENT,173739,2011-10-01 15:56:40+00:00,2011-10-01 15:56:40+00:00,No_resource
16,W_Nabellenoffertes,173739,2011-10-01 15:56:40+00:00,2011-10-01 15:56:40+00:00,No_resource
17,W_Completerenaanvraag,173739,2011-10-01 15:56:40+00:00,2011-10-01 15:56:43+00:00,No_resource
18,W_Nabellenoffertes,173739,2011-10-01 15:56:43+00:00,2011-10-01 16:00:15+00:00,No_resource
19,W_Nabellenoffertes,173739,2011-10-01 16:00:15+00:00,2011-10-01 16:00:21+00:00,No_resource
20,W_Nabellenoffertes,173739,2011-10-01 16:00:21+00:00,2011-10-08 15:27:11+00:00,No_resource
21,W_Nabellenoffertes,173739,2011-10-08 15:27:11+00:00,2011-10-08 15:32:48+00:00,No_resource
22,W_Nabellenoffertes,173739,2011-10-08 15:32:48+00:00,2011-10-11 10:18:32+00:00,No_resource
23,O_SENT_BACK,173739,2011-10-11 10:18:32+00:00,2011-10-11 10:19:12+00:00,No_resource
24,W_Validerenaanvraag,173739,2011-10-11 10:19:12+00:00,2011-10-11 10:19:12+00:00,No_resource
25,W_Nabellenoffertes,173739,2011-10-11 10:19:12+00:00,2011-10-11 10:19:14+00:00,No_resource
26,W_Validerenaanvraag,173739,2011-10-11 10:19:14+00:00,2011-10-13 12:56:47+00:00,No_resource
27,W_Validerenaanvraag,173739,2011-10-13 12:56:47+00:00,2011-10-13 13:12:26+00:00,No_resource
28,W_Validerenaanvraag,173739,2011-10-13 13:12:26+00:00,2011-10-13 14:30:14+00:00,No_resource
29,W_Nabellenincompletedossiers,173739,2011-10-13 14:30:14+00:00,2011-10-13 15:04:17+00:00,No_resource
30,W_Validerenaanvraag,173739,2011-10-13 15:04:17+00:00,2011-10-13 15:04:19+00:00,No_resource
31,W_Nabellenincompletedossiers,173739,2011-10-13 15:04:19+00:00,2011-10-13 19:54:43+00:00,No_resource
32,W_Nabellenincompletedossiers,173739,2011-10-13 19:54:43+00:00,2011-10-13 20:01:47+00:00,No_resource
33,W_Nabellenincompletedossiers,173739,2011-10-13 20:01:47+00:00,2011-10-14 10:05:16+00:00,No_resource
34,W_Nabellenincompletedossiers,173739,2011-10-14 10:05:16+00:00,2011-10-14 10:06:41+00:00,No_resource
35,W_Nabellenincompletedossiers,173739,2011-10-14 10:06:41+00:00,2011-10-14 13:19:03+00:00,No_resource
36,W_Nabellenincompletedossiers,173739,2011-10-14 13:19:03+00:00,2011-10-14 13:19:58+00:00,No_resource
37,W_Nabellenincompletedossiers,173739,2011-10-14 13:19:58+00:00,2011-10-14 13:35:53+00:00,No_resource
38,W_Nabellenincompletedossiers,173739,2011-10-14 13:35:53+00:00,2011-10-14 13:37:05+00:00,No_resource
39,W_Nabellenincompletedossiers,173739,2011-10-14 13:37:05+00:00,2011-10-14 14:04:14+00:00,No_resource
40,W_Nabellenincompletedossiers,173739,2011-10-14 14:04:14+00:00,2011-10-14 14:05:18+00:00,No_resource
41,W_Nabellenincompletedossiers,173739,2011-10-14 14:05:18+00:00,2011-10-14 15:48:25+00:00,No_resource
42,W_Validerenaanvraag,173739,2011-10-14 15:48:25+00:00,2011-10-14 15:49:16+00:00,No_resource
43,W_Nabellenincompletedossiers,173739,2011-10-14 15:49:16+00:00,2011-10-14 15:49:18+00:00,No_resource
44,W_Validerenaanvraag,173739,2011-10-14 15:49:18+00:00,2011-10-14 16:21:08+00:00,No_resource
45,O_ACCEPTED,173739,2011-10-14 16:21:08+00:00,2011-10-14 16:22:47+00:00,No_resource
46,A_REGISTERED,173739,2011-10-14 16:22:47+00:00,2011-10-14 16:22:47+00:00,No_resource
47,A_APPROVED,173739,2011-10-14 16:22:47+00:00,2011-10-14 16:22:47+00:00,No_resource
48,A_ACTIVATED,173739,2011-10-14 16:22:47+00:00,2011-10-14 16:22:47+00:00,No_resource
49,W_Validerenaanvraag,173739,2011-10-14 16:22:47+00:00,2011-10-14 16:22:55+00:00,No_resource
50,END,173739,2011-10-14 16:22:55+00:00,2011-10-14 16:22:56+00:00,No_resource
1,START,173742,2011-10-01 13:44:11+00:00,2011-10-01 13:44:11+00:00,No_resource
2,A_SUBMITTED,173742,2011-10-01 13:44:11+00:00,2011-10-01 13:44:12+00:00,No_resource
3,A_PARTLYSUBMITTED,173742,2011-10-01 13:44:12+00:00,2011-10-01 13:44:12+00:00,No_resource
4,W_Afhandelenleads,173742,2011-10-01 13:44:12+00:00,2011-10-01 13:44:28+00:00,No_resource
5,W_Afhandelenleads,173742,2011-10-01 13:44:28+00:00,2011-10-01 14:54:59+00:00,No_resource
6,A_PREACCEPTED,173742,2011-10-01 14:54:59+00:00,2011-10-01 14:56:21+00:00,No_resource
7,W_Completerenaanvraag,173742,2011-10-01 14:56:21+00:00,2011-10-01 14:56:21+00:00,No_resource
8,W_Afhandelenleads,173742,2011-10-01 14:56:21+00:00,2011-10-01 14:56:22+00:00,No_resource
9,W_Completerenaanvraag,173742,2011-10-01 14:56:22+00:00,2011-10-01 15:43:28+00:00,No_resource
10,W_Completerenaanvraag,173742,2011-10-01 15:43:28+00:00,2011-10-01 15:50:01+00:00,No_resource
11,W_Completerenaanvraag,173742,2011-10-01 15:50:01+00:00,2011-10-03 12:55:29+00:00,No_resource
12,W_Completerenaanvraag,173742,2011-10-03 12:55:29+00:00,2011-10-03 12:56:17+00:00,No_resource
13,W_Completerenaanvraag,173742,2011-10-03 12:56:17+00:00,2011-10-03 15:53:14+00:00,No_resource
14,W_Completerenaanvraag,173742,2011-10-03 15:53:14+00:00,2011-10-03 15:55:10+00:00,No_resource
15,W_Completerenaanvraag,173742,2011-10-03 15:55:10+00:00,2011-10-04 11:30:57+00:00,No_resource
16,W_Completerenaanvraag,173742,2011-10-04 11:30:57+00:00,2011-10-04 11:35:15+00:00,No_resource
17,W_Completerenaanvraag,173742,2011-10-04 11:35:15+00:00,2011-10-04 13:25:26+00:00,No_resource
18,W_Completerenaanvraag,173742,2011-10-04 13:25:26+00:00,2011-10-04 13:26:21+00:00,No_resource
19,W_Completerenaanvraag,173742,2011-10-04 13:26:21+00:00,2011-10-04 17:26:11+00:00,No_resource
20,W_Completerenaanvraag,173742,2011-10-04 17:26:11+00:00,2011-10-04 17:27:09+00:00,No_resource
21,W_Completerenaanvraag,173742,2011-10-04 17:27:09+00:00,2011-10-05 09:31:37+00:00,No_resource
22,W_Completerenaanvraag,173742,2011-10-05 09:31:37+00:00,2011-10-05 09:32:15+00:00,No_resource
23,W_Completerenaanvraag,173742,2011-10-05 09:32:15+00:00,2011-10-05 13:27:38+00:00,No_resource
24,W_Completerenaanvraag,173742,2011-10-05 13:27:38+00:00,2011-10-05 13:28:37+00:00,No_resource
25,W_Completerenaanvraag,173742,2011-10-05 13:28:37+00:00,2011-10-05 18:13:44+00:00,No_resource
26,W_Completerenaanvraag,173742,2011-10-05 18:13:44+00:00,2011-10-05 18:14:09+00:00,No_resource
27,W_Completerenaanvraag,173742,2011-10-05 18:14:09+00:00,2011-10-05 18:51:28+00:00,No_resource
28,W_Completerenaanvraag,173742,2011-10-05 18:51:28+00:00,2011-10-05 18:53:18+00:00,No_resource
29,W_Completerenaanvraag,173742,2011-10-05 18:53:18+00:00,2011-10-06 09:59:11+00:00,No_resource
30,W_Completerenaanvraag,173742,2011-10-06 09:59:11+00:00,2011-10-06 10:00:04+00:00,No_resource
31,W_Completerenaanvraag,173742,2011-10-06 10:00:04+00:00,2011-10-06 20:53:12+00:00,No_resource
32,W_Completerenaanvraag,173742,2011-10-06 20:53:12+00:00,2011-10-06 20:54:12+00:00,No_resource
33,W_Completerenaanvraag,173742,2011-10-06 20:54:12+00:00,2011-10-07 18:33:31+00:00,No_resource
34,W_Completerenaanvraag,173742,2011-10-07 18:33:31+00:00,2011-10-07 18:34:58+00:00,No_resource
35,W_Completerenaanvraag,173742,2011-10-07 18:34:58+00:00,2011-10-08 10:49:43+00:00,No_resource
36,W_Completerenaanvraag,173742,2011-10-08 10:49:43+00:00,2011-10-08 10:51:27+00:00,No_resource
37,W_Completerenaanvraag,173742,2011-10-08 10:51:27+00:00,2011-10-08 11:27:14+00:00,No_resource
38,W_Completerenaanvraag,173742,2011-10-08 11:27:14+00:00,2011-10-08 11:30:22+00:00,No_resource
39,W_Completerenaanvraag,173742,2011-10-08 11:30:22+00:00,2011-10-14 15:45:14+00:00,No_resource
40,A_DECLINED,173742,2011-10-14 15:45:14+00:00,2011-10-14 15:52:04+00:00,No_resource
41,W_Completerenaanvraag,173742,2011-10-14 15:52:04+00:00,2011-10-14 15:52:09+00:00,No_resource
42,END,173742,2011-10-14 15:52:09+00:00,2011-10-14 15:52:10+00:00,No_resource
1,START,173745,2011-10-01 14:08:15+00:00,2011-10-01 14:08:15+00:00,No_resource
2,A_SUBMITTED,173745,2011-10-01 14:08:15+00:00,2011-10-01 14:08:16+00:00,No_resource
3,A_PARTLYSUBMITTED,173745,2011-10-01 14:08:16+00:00,2011-10-01 14:08:16+00:00,No_resource
4,W_Afhandelenleads,173745,2011-10-01 14:08:16+00:00,2011-10-01 14:08:29+00:00,No_resource
5,W_Afhandelenleads,173745,2011-10-01 14:08:29+00:00,2011-10-01 15:19:46+00:00,No_resource
6,A_PREACCEPTED,173745,2011-10-01 15:19:46+00:00,2011-10-01 15:21:26+00:00,No_resource
7,W_Completerenaanvraag,173745,2011-10-01 15:21:26+00:00,2011-10-01 15:21:26+00:00,No_resource
8,W_Afhandelenleads,173745,2011-10-01 15:21:26+00:00,2011-10-01 15:21:27+00:00,No_resource
9,W_Completerenaanvraag,173745,2011-10-01 15:21:27+00:00,2011-10-01 15:49:47+00:00,No_resource
10,A_ACCEPTED,173745,2011-10-01 15:49:47+00:00,2011-10-01 15:55:33+00:00,No_resource
11,O_SELECTED,173745,2011-10-01 15:55:33+00:00,2011-10-01 15:58:41+00:00,No_resource
12,A_FINALIZED,173745,2011-10-01 15:55:33+00:00,2011-10-01 15:58:41+00:00,No_resource
13,O_CREATED,173745,2011-10-01 15:58:41+00:00,2011-10-01 15:58:44+00:00,No_resource
14,O_SENT,173745,2011-10-01 15:58:44+00:00,2011-10-01 15:58:44+00:00,No_resource
15,W_Nabellenoffertes,173745,2011-10-01 15:58:44+00:00,2011-10-01 15:58:44+00:00,No_resource
16,W_Completerenaanvraag,173745,2011-10-01 15:58:44+00:00,2011-10-01 15:58:47+00:00,No_resource
17,W_Nabellenoffertes,173745,2011-10-01 15:58:47+00:00,2011-10-08 12:37:54+00:00,No_resource
18,O_CANCELLED,173745,2011-10-08 12:37:54+00:00,2011-10-08 12:45:57+00:00,No_resource
19,A_CANCELLED,173745,2011-10-08 12:45:57+00:00,2011-10-08 12:45:57+00:00,No_resource
20,W_Nabellenoffertes,173745,2011-10-08 12:45:57+00:00,2011-10-08 12:45:59+00:00,No_resource
21,END,173745,2011-10-08 12:45:59+00:00,2011-10-08 12:46:00+00:00,No_resource
1,START,173748,2011-10-01 14:09:15+00:00,2011-10-01 14:09:15+00:00,No_resource
2,A_SUBMITTED,173748,2011-10-01 14:09:15+00:00,2011-10-01 14:09:16+00:00,No_resource
3,A_PARTLYSUBMITTED,173748,2011-10-01 14:09:16+00:00,2011-10-01 14:09:16+00:00,No_resource
4,W_Afhandelenleads,173748,2011-10-01 14:09:16+00:00,2011-10-01 14:10:03+00:00,No_resource
5,W_Afhandelenleads,173748,2011-10-01 14:10:03+00:00,2011-10-01 15:21:30+00:00,No_resource
6,A_PREACCEPTED,173748,2011-10-01 15:21:30+00:00,2011-10-01 15:24:16+00:00,No_resource
7,W_Completerenaanvraag,173748,2011-10-01 15:24:16+00:00,2011-10-01 15:24:16+00:00,No_resource
8,W_Afhandelenleads,173748,2011-10-01 15:24:16+00:00,2011-10-01 15:24:17+00:00,No_resource
9,W_Completerenaanvraag,173748,2011-10-01 15:24:17+00:00,2011-10-01 15:56:55+00:00,No_resource
10,W_Completerenaanvraag,173748,2011-10-01 15:56:55+00:00,2011-10-01 15:57:08+00:00,No_resource
11,W_Completerenaanvraag,173748,2011-10-01 15:57:08+00:00,2011-10-01 15:57:12+00:00,No_resource
12,W_Completerenaanvraag,173748,2011-10-01 15:57:12+00:00,2011-10-01 15:57:18+00:00,No_resource
13,W_Completerenaanvraag,173748,2011-10-01 15:57:18+00:00,2011-10-01 16:00:06+00:00,No_resource
14,W_Completerenaanvraag,173748,2011-10-01 16:00:06+00:00,2011-10-01 16:00:29+00:00,No_resource
15,W_Completerenaanvraag,173748,2011-10-01 16:00:29+00:00,2011-10-01 16:01:55+00:00,No_resource
16,W_Completerenaanvraag,173748,2011-10-01 16:01:55+00:00,2011-10-01 16:09:35+00:00,No_resource
17,W_Completerenaanvraag,173748,2011-10-01 16:09:35+00:00,2011-10-01 16:27:43+00:00,No_resource
18,A_ACCEPTED,173748,2011-10-01 16:27:43+00:00,2011-10-01 16:33:21+00:00,No_resource
19,A_FINALIZED,173748,2011-10-01 16:33:21+00:00,2011-10-01 16:36:44+00:00,No_resource
20,O_SELECTED,173748,2011-10-01 16:36:44+00:00,2011-10-01 16:36:44+00:00,No_resource
21,O_CREATED,173748,2011-10-01 16:36:44+00:00,2011-10-01 16:37:32+00:00,No_resource
22,O_SENT,173748,2011-10-01 16:37:32+00:00,2011-10-01 16:37:32+00:00,No_resource
23,W_Nabellenoffertes,173748,2011-10-01 16:37:32+00:00,2011-10-01 16:37:32+00:00,No_resource
24,W_Completerenaanvraag,173748,2011-10-01 16:37:32+00:00,2011-10-01 16:37:33+00:00,No_resource
25,W_Nabellenoffertes,173748,2011-10-01 16:37:33+00:00,2011-10-01 16:37:45+00:00,No_resource
26,W_Nabellenoffertes,173748,2011-10-01 16:37:45+00:00,2011-10-01 16:39:20+00:00,No_resource
27,W_Nabellenoffertes,173748,2011-10-01 16:39:20+00:00,2011-10-01 16:41:24+00:00,No_resource
28,O_CANCELLED,173748,2011-10-01 16:41:24+00:00,2011-10-01 16:42:16+00:00,No_resource
29,O_SELECTED,173748,2011-10-01 16:42:16+00:00,2011-10-01 16:42:16+00:00,No_resource
30,O_CREATED,173748,2011-10-01 16:42:16+00:00,2011-10-01 16:42:17+00:00,No_resource
31,O_SENT,173748,2011-10-01 16:42:17+00:00,2011-10-01 16:42:17+00:00,No_resource
32,W_Nabellenoffertes,173748,2011-10-01 16:42:17+00:00,2011-10-01 16:42:17+00:00,No_resource
33,W_Nabellenoffertes,173748,2011-10-01 16:42:17+00:00,2011-10-01 16:42:18+00:00,No_resource
34,W_Nabellenoffertes,173748,2011-10-01 16:42:18+00:00,2011-10-01 16:42:41+00:00,No_resource
35,W_Nabellenoffertes,173748,2011-10-01 16:42:41+00:00,2011-10-01 16:48:25+00:00,No_resource
36,W_Nabellenoffertes,173748,2011-10-01 16:48:25+00:00,2011-10-03 16:35:29+00:00,No_resource
37,A_DECLINED,173748,2011-10-03 16:35:29+00:00,2011-10-03 16:44:19+00:00,No_resource
38,O_DECLINED,173748,2011-10-03 16:44:19+00:00,2011-10-03 16:44:19+00:00,No_resource
39,W_Nabellenoffertes,173748,2011-10-03 16:44:19+00:00,2011-10-03 16:44:24+00:00,No_resource
40,END,173748,2011-10-03 16:44:24+00:00,2011-10-03 16:44:25+00:00,No_resource
1,START,173751,2011-10-01 14:14:38+00:00,2011-10-01 14:14:38+00:00,No_resource
2,A_SUBMITTED,173751,2011-10-01 14:14:38+00:00,2011-10-01 14:14:39+00:00,No_resource
3,A_PARTLYSUBMITTED,173751,2011-10-01 14:14:39+00:00,2011-10-01 14:14:39+00:00,No_resource
4,A_PREACCEPTED,173751,2011-10-01 14:14:39+00:00,2011-10-01 14:15:21+00:00,No_resource
5,W_Completerenaanvraag,173751,2011-10-01 14:15:21+00:00,2011-10-01 14:15:21+00:00,No_resource
6,W_Completerenaanvraag,173751,2011-10-01 14:15:21+00:00,2011-10-01 15:27:54+00:00,No_resource
7,W_Completerenaanvraag,173751,2011-10-01 15:27:54+00:00,2011-10-01 15:34:03+00:00,No_resource
8,W_Completerenaanvraag,173751,2011-10-01 15:34:03+00:00,2011-10-01 16:39:01+00:00,No_resource
9,A_ACCEPTED,173751,2011-10-01 16:39:01+00:00,2011-10-01 16:43:08+00:00,No_resource
10,A_FINALIZED,173751,2011-10-01 16:43:08+00:00,2011-10-01 16:49:59+00:00,No_resource
11,O_SELECTED,173751,2011-10-01 16:43:08+00:00,2011-10-01 16:49:59+00:00,No_resource
12,O_CREATED,173751,2011-10-01 16:49:59+00:00,2011-10-01 16:50:00+00:00,No_resource
13,O_SENT,173751,2011-10-01 16:50:00+00:00,2011-10-01 16:50:01+00:00,No_resource
14,W_Nabellenoffertes,173751,2011-10-01 16:50:01+00:00,2011-10-01 16:50:01+00:00,No_resource
15,W_Completerenaanvraag,173751,2011-10-01 16:50:01+00:00,2011-10-01 16:50:03+00:00,No_resource
16,W_Nabellenoffertes,173751,2011-10-01 16:50:03+00:00,2011-10-07 12:40:09+00:00,No_resource
17,O_SENT_BACK,173751,2011-10-07 12:40:09+00:00,2011-10-07 12:40:18+00:00,No_resource
18,W_Validerenaanvraag,173751,2011-10-07 12:40:18+00:00,2011-10-07 12:40:18+00:00,No_resource
19,W_Nabellenoffertes,173751,2011-10-07 12:40:18+00:00,2011-10-07 12:40:20+00:00,No_resource
20,W_Validerenaanvraag,173751,2011-10-07 12:40:20+00:00,2011-10-11 10:28:50+00:00,No_resource
21,O_ACCEPTED,173751,2011-10-11 10:28:50+00:00,2011-10-11 10:39:30+00:00,No_resource
22,A_REGISTERED,173751,2011-10-11 10:28:50+00:00,2011-10-11 10:39:30+00:00,No_resource
23,A_ACTIVATED,173751,2011-10-11 10:28:50+00:00,2011-10-11 10:39:30+00:00,No_resource
24,A_APPROVED,173751,2011-10-11 10:28:50+00:00,2011-10-11 10:39:30+00:00,No_resource
25,W_Validerenaanvraag,173751,2011-10-11 10:39:30+00:00,2011-10-11 10:39:37+00:00,No_resource
26,END,173751,2011-10-11 10:39:37+00:00,2011-10-11 10:39:38+00:00,No_resource
1,START,173754,2011-10-01 14:50:08+00:00,2011-10-01 14:50:08+00:00,No_resource
2,A_SUBMITTED,173754,2011-10-01 14:50:08+00:00,2011-10-01 14:50:09+00:00,No_resource
3,A_PARTLYSUBMITTED,173754,2011-10-01 14:50:09+00:00,2011-10-01 14:50:11+00:00,No_resource
4,A_PREACCEPTED,173754,2011-10-01 14:50:11+00:00,2011-10-01 14:50:51+00:00,No_resource
5,W_Completerenaanvraag,173754,2011-10-01 14:50:51+00:00,2011-10-01 14:50:51+00:00,No_resource
6,W_Completerenaanvraag,173754,2011-10-01 14:50:51+00:00,2011-10-01 15:34:08+00:00,No_resource
7,W_Completerenaanvraag,173754,2011-10-01 15:34:08+00:00,2011-10-01 15:44:41+00:00,No_resource
8,W_Completerenaanvraag,173754,2011-10-01 15:44:41+00:00,2011-10-01 15:57:20+00:00,No_resource
9,W_Completerenaanvraag,173754,2011-10-01 15:57:20+00:00,2011-10-01 16:00:04+00:00,No_resource
10,W_Completerenaanvraag,173754,2011-10-01 16:00:04+00:00,2011-10-03 12:56:25+00:00,No_resource
11,W_Completerenaanvraag,173754,2011-10-03 12:56:25+00:00,2011-10-03 12:57:19+00:00,No_resource
12,W_Completerenaanvraag,173754,2011-10-03 12:57:19+00:00,2011-10-04 09:26:08+00:00,No_resource
13,W_Completerenaanvraag,173754,2011-10-04 09:26:08+00:00,2011-10-04 09:28:25+00:00,No_resource
14,W_Completerenaanvraag,173754,2011-10-04 09:28:25+00:00,2011-10-04 13:19:33+00:00,No_resource
15,W_Completerenaanvraag,173754,2011-10-04 13:19:33+00:00,2011-10-04 13:23:24+00:00,No_resource
16,W_Completerenaanvraag,173754,2011-10-04 13:23:24+00:00,2011-10-04 17:56:08+00:00,No_resource
17,W_Completerenaanvraag,173754,2011-10-04 17:56:08+00:00,2011-10-04 17:57:28+00:00,No_resource
18,W_Completerenaanvraag,173754,2011-10-04 17:57:28+00:00,2011-10-05 09:51:21+00:00,No_resource
19,W_Completerenaanvraag,173754,2011-10-05 09:51:21+00:00,2011-10-05 09:52:18+00:00,No_resource
20,W_Completerenaanvraag,173754,2011-10-05 09:52:18+00:00,2011-10-05 13:51:17+00:00,No_resource
21,W_Completerenaanvraag,173754,2011-10-05 13:51:17+00:00,2011-10-05 13:52:14+00:00,No_resource
22,W_Completerenaanvraag,173754,2011-10-05 13:52:14+00:00,2011-10-05 18:35:43+00:00,No_resource
23,W_Completerenaanvraag,173754,2011-10-05 18:35:43+00:00,2011-10-05 18:39:11+00:00,No_resource
24,W_Completerenaanvraag,173754,2011-10-05 18:39:11+00:00,2011-10-06 09:57:22+00:00,No_resource
25,W_Completerenaanvraag,173754,2011-10-06 09:57:22+00:00,2011-10-06 09:59:11+00:00,No_resource
26,W_Completerenaanvraag,173754,2011-10-06 09:59:11+00:00,2011-10-07 09:18:08+00:00,No_resource
27,W_Completerenaanvraag,173754,2011-10-07 09:18:08+00:00,2011-10-07 09:18:19+00:00,No_resource
28,W_Completerenaanvraag,173754,2011-10-07 09:18:19+00:00,2011-10-07 18:40:54+00:00,No_resource
29,W_Completerenaanvraag,173754,2011-10-07 18:40:54+00:00,2011-10-07 18:41:57+00:00,No_resource
30,W_Completerenaanvraag,173754,2011-10-07 18:41:57+00:00,2011-10-08 11:07:09+00:00,No_resource
31,W_Completerenaanvraag,173754,2011-10-08 11:07:09+00:00,2011-10-08 11:12:22+00:00,No_resource
32,W_Completerenaanvraag,173754,2011-10-08 11:12:22+00:00,2011-10-14 13:49:41+00:00,No_resource
33,W_Completerenaanvraag,173754,2011-10-14 13:49:41+00:00,2011-10-14 13:51:42+00:00,No_resource
34,W_Completerenaanvraag,173754,2011-10-14 13:51:42+00:00,2011-10-14 13:52:12+00:00,No_resource
35,W_Completerenaanvraag,173754,2011-10-14 13:52:12+00:00,2011-10-14 13:52:59+00:00,No_resource
36,W_Completerenaanvraag,173754,2011-10-14 13:52:59+00:00,2011-10-14 14:26:08+00:00,No_resource
37,W_Beoordelenfraude,173754,2011-10-14 14:26:08+00:00,2011-10-14 14:26:29+00:00,No_resource
38,W_Completerenaanvraag,173754,2011-10-14 14:26:29+00:00,2011-10-14 14:26:30+00:00,No_resource
39,W_Beoordelenfraude,173754,2011-10-14 14:26:30+00:00,2011-10-14 14:26:43+00:00,No_resource
40,W_Beoordelenfraude,173754,2011-10-14 14:26:43+00:00,2011-10-14 14:26:59+00:00,No_resource
41,W_Beoordelenfraude,173754,2011-10-14 14:26:59+00:00,2011-10-14 14:27:33+00:00,No_resource
42,A_DECLINED,173754,2011-10-14 14:27:33+00:00,2011-10-14 14:28:39+00:00,No_resource
43,W_Beoordelenfraude,173754,2011-10-14 14:28:39+00:00,2011-10-14 14:28:41+00:00,No_resource
44,END,173754,2011-10-14 14:28:41+00:00,2011-10-14 14:28:42+00:00,No_resource
1,START,173757,2011-10-01 15:02:57+00:00,2011-10-01 15:02:57+00:00,No_resource
2,A_SUBMITTED,173757,2011-10-01 15:02:57+00:00,2011-10-01 15:02:58+00:00,No_resource
3,A_PARTLYSUBMITTED,173757,2011-10-01 15:02:58+00:00,2011-10-01 15:02:58+00:00,No_resource
4,A_DECLINED,173757,2011-10-01 15:02:58+00:00,2011-10-01 15:03:36+00:00,No_resource
5,END,173757,2011-10-01 15:03:36+00:00,2011-10-01 15:03:37+00:00,No_resource
1,START,173760,2011-10-01 15:15:16+00:00,2011-10-01 15:15:16+00:00,No_resource
2,A_SUBMITTED,173760,2011-10-01 15:15:16+00:00,2011-10-01 15:15:17+00:00,No_resource
3,A_PARTLYSUBMITTED,173760,2011-10-01 15:15:17+00:00,2011-10-01 15:15:17+00:00,No_resource
4,A_PREACCEPTED,173760,2011-10-01 15:15:17+00:00,2011-10-01 15:15:57+00:00,No_resource
5,W_Completerenaanvraag,173760,2011-10-01 15:15:57+00:00,2011-10-01 15:15:57+00:00,No_resource
6,W_Completerenaanvraag,173760,2011-10-01 15:15:57+00:00,2011-10-01 15:49:25+00:00,No_resource
7,A_ACCEPTED,173760,2011-10-01 15:49:25+00:00,2011-10-01 15:56:34+00:00,No_resource
8,A_FINALIZED,173760,2011-10-01 15:56:34+00:00,2011-10-01 16:01:43+00:00,No_resource
9,O_SELECTED,173760,2011-10-01 15:56:34+00:00,2011-10-01 16:01:43+00:00,No_resource
10,O_CREATED,173760,2011-10-01 16:01:43+00:00,2011-10-01 16:01:44+00:00,No_resource
11,O_SENT,173760,2011-10-01 16:01:44+00:00,2011-10-01 16:01:44+00:00,No_resource
12,W_Nabellenoffertes,173760,2011-10-01 16:01:44+00:00,2011-10-01 16:01:44+00:00,No_resource
13,W_Completerenaanvraag,173760,2011-10-01 16:01:44+00:00,2011-10-01 16:01:45+00:00,No_resource
14,W_Nabellenoffertes,173760,2011-10-01 16:01:45+00:00,2011-10-08 12:32:54+00:00,No_resource
15,W_Nabellenoffertes,173760,2011-10-08 12:32:54+00:00,2011-10-08 12:34:58+00:00,No_resource
16,W_Nabellenoffertes,173760,2011-10-08 12:34:58+00:00,2011-10-10 19:51:46+00:00,No_resource
17,W_Nabellenoffertes,173760,2011-10-10 19:51:46+00:00,2011-10-10 19:52:09+00:00,No_resource
18,W_Nabellenoffertes,173760,2011-10-10 19:52:09+00:00,2011-10-11 10:58:47+00:00,No_resource
19,O_SENT_BACK,173760,2011-10-11 10:58:47+00:00,2011-10-11 11:01:37+00:00,No_resource
20,W_Validerenaanvraag,173760,2011-10-11 11:01:37+00:00,2011-10-11 11:01:37+00:00,No_resource
21,W_Nabellenoffertes,173760,2011-10-11 11:01:37+00:00,2011-10-11 11:01:39+00:00,No_resource
22,W_Validerenaanvraag,173760,2011-10-11 11:01:39+00:00,2011-10-14 15:17:11+00:00,No_resource
23,A_APPROVED,173760,2011-10-14 15:17:11+00:00,2011-10-14 15:41:03+00:00,No_resource
24,A_ACTIVATED,173760,2011-10-14 15:41:03+00:00,2011-10-14 15:41:03+00:00,No_resource
25,A_REGISTERED,173760,2011-10-14 15:41:03+00:00,2011-10-14 15:41:03+00:00,No_resource
26,O_ACCEPTED,173760,2011-10-14 15:41:03+00:00,2011-10-14 15:41:03+00:00,No_resource
27,W_Validerenaanvraag,173760,2011-10-14 15:41:03+00:00,2011-10-14 15:41:11+00:00,No_resource
28,END,173760,2011-10-14 15:41:11+00:00,2011-10-14 15:41:12+00:00,No_resource
1,START,173763,2011-10-01 16:09:21+00:00,2011-10-01 16:09:21+00:00,No_resource
2,A_SUBMITTED,173763,2011-10-01 16:09:21+00:00,2011-10-01 16:09:22+00:00,No_resource
3,A_PARTLYSUBMITTED,173763,2011-10-01 16:09:22+00:00,2011-10-01 16:09:23+00:00,No_resource
4,W_Afhandelenleads,173763,2011-10-01 16:09:23+00:00,2011-10-01 16:09:35+00:00,No_resource
5,W_Afhandelenleads,173763,2011-10-01 16:09:35+00:00,2011-10-01 16:36:40+00:00,No_resource
6,A_DECLINED,173763,2011-10-01 16:36:40+00:00,2011-10-01 16:38:40+00:00,No_resource
7,W_Afhandelenleads,173763,2011-10-01 16:38:40+00:00,2011-10-01 16:38:43+00:00,No_resource
8,END,173763,2011-10-01 16:38:43+00:00,2011-10-01 16:38:44+00:00,No_resource
1,START,173766,2011-10-01 16:12:01+00:00,2011-10-01 16:12:01+00:00,No_resource
2,A_SUBMITTED,173766,2011-10-01 16:12:01+00:00,2011-10-01 16:12:02+00:00,No_resource
3,A_PARTLYSUBMITTED,173766,2011-10-01 16:12:02+00:00,2011-10-01 16:12:02+00:00,No_resource
4,A_PREACCEPTED,173766,2011-10-01 16:12:02+00:00,2011-10-01 16:12:45+00:00,No_resource
5,W_Completerenaanvraag,173766,2011-10-01 16:12:45+00:00,2011-10-01 16:12:45+00:00,No_resource
6,W_Completerenaanvraag,173766,2011-10-01 16:12:45+00:00,2011-10-01 16:21:09+00:00,No_resource
7,W_Completerenaanvraag,173766,2011-10-01 16:21:09+00:00,2011-10-01 16:45:56+00:00,No_resource
8,W_Completerenaanvraag,173766,2011-10-01 16:45:56+00:00,2011-10-01 16:46:57+00:00,No_resource
9,W_Completerenaanvraag,173766,2011-10-01 16:46:57+00:00,2011-10-01 16:48:23+00:00,No_resource
10,W_Completerenaanvraag,173766,2011-10-01 16:48:23+00:00,2011-10-03 13:46:24+00:00,No_resource
11,W_Completerenaanvraag,173766,2011-10-03 13:46:24+00:00,2011-10-03 13:48:25+00:00,No_resource
12,W_Completerenaanvraag,173766,2011-10-03 13:48:25+00:00,2011-10-04 09:32:04+00:00,No_resource
13,W_Completerenaanvraag,173766,2011-10-04 09:32:04+00:00,2011-10-04 09:34:40+00:00,No_resource
14,W_Completerenaanvraag,173766,2011-10-04 09:34:40+00:00,2011-10-04 13:01:52+00:00,No_resource
15,W_Completerenaanvraag,173766,2011-10-04 13:01:52+00:00,2011-10-04 13:11:09+00:00,No_resource
16,W_Completerenaanvraag,173766,2011-10-04 13:11:09+00:00,2011-10-04 17:12:49+00:00,No_resource
17,W_Completerenaanvraag,173766,2011-10-04 17:12:49+00:00,2011-10-04 17:17:33+00:00,No_resource
18,W_Completerenaanvraag,173766,2011-10-04 17:17:33+00:00,2011-10-05 09:19:46+00:00,No_resource
19,W_Completerenaanvraag,173766,2011-10-05 09:19:46+00:00,2011-10-05 09:20:40+00:00,No_resource
20,W_Completerenaanvraag,173766,2011-10-05 09:20:40+00:00,2011-10-05 10:42:42+00:00,No_resource
21,W_Completerenaanvraag,173766,2011-10-05 10:42:42+00:00,2011-10-05 10:42:52+00:00,No_resource
22,W_Completerenaanvraag,173766,2011-10-05 10:42:52+00:00,2011-10-05 14:01:11+00:00,No_resource
23,W_Completerenaanvraag,173766,2011-10-05 14:01:11+00:00,2011-10-05 14:05:43+00:00,No_resource
24,W_Completerenaanvraag,173766,2011-10-05 14:05:43+00:00,2011-10-05 18:47:16+00:00,No_resource
25,W_Completerenaanvraag,173766,2011-10-05 18:47:16+00:00,2011-10-05 18:50:58+00:00,No_resource
26,W_Completerenaanvraag,173766,2011-10-05 18:50:58+00:00,2011-10-06 09:58:04+00:00,No_resource
27,W_Completerenaanvraag,173766,2011-10-06 09:58:04+00:00,2011-10-06 09:58:22+00:00,No_resource
28,W_Completerenaanvraag,173766,2011-10-06 09:58:22+00:00,2011-10-06 20:50:04+00:00,No_resource
29,A_CANCELLED,173766,2011-10-06 20:50:04+00:00,2011-10-06 20:52:10+00:00,No_resource
30,W_Completerenaanvraag,173766,2011-10-06 20:52:10+00:00,2011-10-06 20:52:12+00:00,No_resource
31,END,173766,2011-10-06 20:52:12+00:00,2011-10-06 20:52:13+00:00,No_resource
1,START,173769,2011-10-01 16:34:45+00:00,2011-10-01 16:34:45+00:00,No_resource
2,A_SUBMITTED,173769,2011-10-01 16:34:45+00:00,2011-10-01 16:34:46+00:00,No_resource
3,A_PARTLYSUBMITTED,173769,2011-10-01 16:34:46+00:00,2011-10-01 16:34:46+00:00,No_resource
4,A_DECLINED,173769,2011-10-01 16:34:46+00:00,2011-10-01 16:35:23+00:00,No_resource
5,END,173769,2011-10-01 16:35:23+00:00,2011-10-01 16:35:24+00:00,No_resource
1,START,173772,2011-10-01 16:39:54+00:00,2011-10-01 16:39:54+00:00,No_resource
2,A_SUBMITTED,173772,2011-10-01 16:39:54+00:00,2011-10-01 16:39:55+00:00,No_resource
3,A_PARTLYSUBMITTED,173772,2011-10-01 16:39:55+00:00,2011-10-01 16:39:55+00:00,No_resource
4,A_DECLINED,173772,2011-10-01 16:39:55+00:00,2011-10-01 16:40:31+00:00,No_resource
5,END,173772,2011-10-01 16:40:31+00:00,2011-10-01 16:40:32+00:00,No_resource
1,START,173775,2011-10-01 16:58:59+00:00,2011-10-01 16:58:59+00:00,No_resource
2,A_SUBMITTED,173775,2011-10-01 16:58:59+00:00,2011-10-01 16:59:00+00:00,No_resource
3,A_PARTLYSUBMITTED,173775,2011-10-01 16:59:00+00:00,2011-10-01 16:59:00+00:00,No_resource
4,A_PREACCEPTED,173775,2011-10-01 16:59:00+00:00,2011-10-01 16:59:31+00:00,No_resource
5,W_Completerenaanvraag,173775,2011-10-01 16:59:31+00:00,2011-10-01 16:59:32+00:00,No_resource
6,W_Completerenaanvraag,173775,2011-10-01 16:59:32+00:00,2011-10-03 09:06:56+00:00,No_resource
7,W_Completerenaanvraag,173775,2011-10-03 09:06:56+00:00,2011-10-03 09:20:05+00:00,No_resource
8,W_Completerenaanvraag,173775,2011-10-03 09:20:05+00:00,2011-10-03 10:33:48+00:00,No_resource
9,A_DECLINED,173775,2011-10-03 10:33:48+00:00,2011-10-03 10:38:00+00:00,No_resource
10,W_Completerenaanvraag,173775,2011-10-03 10:38:00+00:00,2011-10-03 10:38:04+00:00,No_resource
11,END,173775,2011-10-03 10:38:04+00:00,2011-10-03 10:38:05+00:00,No_resource
1,START,173778,2011-10-01 17:49:30+00:00,2011-10-01 17:49:30+00:00,No_resource
2,A_SUBMITTED,173778,2011-10-01 17:49:30+00:00,2011-10-01 17:49:31+00:00,No_resource
3,A_PARTLYSUBMITTED,173778,2011-10-01 17:49:31+00:00,2011-10-01 17:49:31+00:00,No_resource
4,W_Afhandelenleads,173778,2011-10-01 17:49:31+00:00,2011-10-01 17:50:11+00:00,No_resource
5,W_Afhandelenleads,173778,2011-10-01 17:50:11+00:00,2011-10-03 08:59:16+00:00,No_resource
6,A_DECLINED,173778,2011-10-03 08:59:16+00:00,2011-10-03 09:04:53+00:00,No_resource
7,W_Afhandelenleads,173778,2011-10-03 09:04:53+00:00,2011-10-03 09:04:57+00:00,No_resource
8,END,173778,2011-10-03 09:04:57+00:00,2011-10-03 09:04:58+00:00,No_resource
1,START,173781,2011-10-01 18:10:33+00:00,2011-10-01 18:10:33+00:00,No_resource
2,A_SUBMITTED,173781,2011-10-01 18:10:33+00:00,2011-10-01 18:10:34+00:00,No_resource
3,A_PARTLYSUBMITTED,173781,2011-10-01 18:10:34+00:00,2011-10-01 18:10:34+00:00,No_resource
4,A_PREACCEPTED,173781,2011-10-01 18:10:34+00:00,2011-10-01 18:11:13+00:00,No_resource
5,W_Completerenaanvraag,173781,2011-10-01 18:11:13+00:00,2011-10-01 18:11:14+00:00,No_resource
6,W_Completerenaanvraag,173781,2011-10-01 18:11:14+00:00,2011-10-03 09:14:50+00:00,No_resource
7,A_DECLINED,173781,2011-10-03 09:14:50+00:00,2011-10-03 09:24:47+00:00,No_resource
8,W_Completerenaanvraag,173781,2011-10-03 09:24:47+00:00,2011-10-03 09:25:12+00:00,No_resource
9,END,173781,2011-10-03 09:25:12+00:00,2011-10-03 09:25:13+00:00,No_resource
